Workbook

Sheet HEAD ATUAL
A1: HEAD ATUAL – QUADRO DE COLABORADORES
A3: RESUMO POR DEPARTAMENTO
A4: EMPRESA | B4: DEPARTAMENTO | C4: HEAD ATUAL
C5: 1
A6: IMPERIO LOG LTDA | B6: OPERACIONAL ARMAZEM | C6: 5
A7: L LOG TRANSPORTES E SERVIÇOS LTDA | B7: ADMINISTRATIVO | C7: 5
A8: L LOG TRANSPORTES E SERVIÇOS LTDA | B8: ENTREGA | C8: 70
A9: LUBE DISTRIBUIDORA LTDA | B9: ADMINISTRAÇÃO | C9: 20
A10: LUBE DISTRIBUIDORA LTDA | B10: AFASTADOS INSS | C10: 4
A11: LUBE DISTRIBUIDORA LTDA | B11: IMPACESSO | C11: 4
A12: LUBE DISTRIBUIDORA LTDA | B12: IMPADM | C12: 1
A13: LUBE DISTRIBUIDORA LTDA | B13: IMPDIA | C13: 25
A14: LUBE DISTRIBUIDORA LTDA | B14: IMPNOITE | C14: 35
A15: LUBE DISTRIBUIDORA LTDA | B15: OPERACIONAL | C15: 1
A16: LUBE DISTRIBUIDORA LTDA | B16: VENDAS BALCÃO | C16: 12
A17: LUBE DISTRIBUIDORA LTDA | B17: VENDAS DISTRIBUICÃO | C17: 4
... A19: SERMAR INCORPORAÇÕES E LOCAÇÕES IMOBILIARIAS LTDA | B19: SERMAR INCORP. E LOCAÇÕES IMOBILIARIAS LTDA | C19: 5
A22: DETALHAMENTO DOS COLABORADORES
A23: EMPRESA | B23: COLABORADOR | C23: DEPARTAMENTO | D23: ADMISSÃO | E23: SEXO | F23: FUNÇÃO
B24: 203
A25: IMPERIO LOG LTDA | B25: ERIANE FERREIRA EDUARDO CANDIDO | C25: OPERACIONAL ARMAZEM | D25: 45572 | E25: Feminino | F25: AUXILIAR DE SERVIÇOS GERAIS
A26: IMPERIO LOG LTDA | B26: GEISIANE PEREIRA | C26: OPERACIONAL ARMAZEM | D26: 45957 | E26: Feminino | F26: AUXILIAR DE SERVIÇOS GERAIS
A27: IMPERIO LOG LTDA | B27: MANOEL FRANCELINO | C27: OPERACIONAL ARMAZEM | D27: 44755 | E27: Masculino | F27: AUXILIAR DE SERVIÇOS GERAIS
A28: IMPERIO LOG LTDA | B28: ROSIANE DAS DORES KLEIN PEREIRA | C28: OPERACIONAL ARMAZEM | D28: 46147 | E28: Feminino | F28: AUXILIAR DE SERVIÇOS GERAIS
A29: IMPERIO LOG LTDA | B29: CARLOS ANACLETO OLIVEIRA | C29: OPERACIONAL ARMAZEM | D29: 44754 | E29: Masculino | F29: ESTOQUISTA "B"
A30: L LOG TRANSPORTES E SERVIÇOS LTDA | B30: NATHAN GUIMARAES DA SILVA | C30: ADMINISTRATIVO | D30: 45988 | E30: Masculino | F30: ASSISTENTE DE LOGISTICA
A31: L LOG TRANSPORTES E SERVIÇOS LTDA | B31: JHOM HENRICKY PEREIRA DA SILVA | C31: ADMINISTRATIVO | D31: 44250 | E31: Masculino | F31: COORDENADOR DE TRANSPORTE
A32: L LOG TRANSPORTES E SERVIÇOS LTDA | B32: KAYLLA DE OLIVEIRA ROSA | C32: ADMINISTRATIVO | D32: 45978 | E32: Feminino | F32: MENOR APRENDIZ
A33: L LOG TRANSPORTES E SERVIÇOS LTDA | B33: MARCOS PAULO SOUZA RIBEIRO | C33: ADMINISTRATIVO | D33: 46128 | E33: Masculino | F33: MENOR APRENDIZ
A34: L LOG TRANSPORTES E SERVIÇOS LTDA | B34: MIGUEL REIS PEREIRA | C34: ADMINISTRATIVO | D34: 46251 | E34: Masculino | F34: MENOR APRENDIZ
A35: L LOG TRANSPORTES E SERVIÇOS LTDA | B35: ADENIZIO ADRIANO DOS REIS | C35: ENTREGA | D35: 37135 | E35: Masculino | F35: AJUDANTE DE MOTORISTA II
A36: L LOG TRANSPORTES E SERVIÇOS LTDA | B36: LINDOMAR GOMES FALCAO | C36: ENTREGA | D36: 41341 | E36: Masculino | F36: AJUDANTE DE MOTORISTA II
... A227: SERMAR INCORPORAÇÕES E LOCAÇÕES IMOBILIARIAS LTDA | B227: VALMIR DE SOUZA LEITE | C227: SERMAR INCORP. E LOCAÇÕES IMOBILIARIAS LTDA | D227: 41318 | E227: Masculino | F227: OFICIAL POLIVALENTE PEDREIRO

Sheet HEAD PROGRAMADO
A1: HEAD PROGRAMADO – PREENCHIMENTO DO GESTOR / RH
A3: Preencha somente a coluna 'HEAD PROGRAMADO'. A coluna 'HEAD ATUAL' é apenas referência.
A5: EMPRESA | B5: DEPARTAMENTO | C5: FUNÇÃO | D5: HEAD ATUAL REFERÊNCIA | E5: HEAD PROGRAMADO | F5: OBSERVAÇÃO
A7: IMPERIO LOG LTDA | B7: OPERACIONAL ARMAZEM | C7: AUXILIAR DE SERVIÇOS GERAIS | D7: 4 | E7: 4
A8: IMPERIO LOG LTDA | B8: OPERACIONAL ARMAZEM | C8: ESTOQUISTA "B" | D8: 1 | E8: 0 | F8: AFASTADO INSS
A9: L LOG TRANSPORTES E SERVIÇOS LTDA | B9: ADMINISTRATIVO | C9: ASSISTENTE DE LOGISTICA | D9: 1 | E9: 1
A10: L LOG TRANSPORTES E SERVIÇOS LTDA | B10: ADMINISTRATIVO | C10: COORDENADOR DE TRANSPORTE | D10: 1 | E10: 1
A11: L LOG TRANSPORTES E SERVIÇOS LTDA | B11: ADMINISTRATIVO | C11: MENOR APRENDIZ | D11: 3 | E11: 3
A12: L LOG TRANSPORTES E SERVIÇOS LTDA | B12: ENTREGA | C12: AJUDANTE DE MOTORISTA II | D12: 2 | E12: 6
A13: L LOG TRANSPORTES E SERVIÇOS LTDA | B13: ENTREGA | C13: AJUDANTE DE MOTORISTA III | D13: 16 | E13: 16
A14: L LOG TRANSPORTES E SERVIÇOS LTDA | B14: ENTREGA | C14: AJUDANTE MOTORISTA I | D14: 16 | E14: 16
A15: L LOG TRANSPORTES E SERVIÇOS LTDA | B15: ENTREGA | C15: MOTORISTA CARRETEIRO | D15: 1 | E15: 2
A16: L LOG TRANSPORTES E SERVIÇOS LTDA | B16: ENTREGA | C16: MOTORISTA I | D16: 2 | E16: 2
A17: L LOG TRANSPORTES E SERVIÇOS LTDA | B17: ENTREGA | C17: MOTORISTA II | D17: 13 | E17: 10
A18: L LOG TRANSPORTES E SERVIÇOS LTDA | B18: ENTREGA | C18: MOTORISTA III | D18: 20 | E18: 20
A19: LUBE DISTRIBUIDORA LTDA | B19: ADMINISTRAÇÃO | C19: ANALISTA DE CREDITO | D19: 1 | E19: 1
A20: LUBE DISTRIBUIDORA LTDA | B20: ADMINISTRAÇÃO | C20: ANALISTA DE DP | D20: 1 | E20: 1
... A32: LUBE DISTRIBUIDORA LTDA | B32: ADMINISTRAÇÃO | C32: SUPERVISOR ADMINISTRATIVO | D32: 1 | E32: 1
A33: LUBE DISTRIBUIDORA LTDA | B33: AFASTADOS INSS | C33: AJUDANTE DE CARGA E DESCARGA | D33: 1 | E33: 0 | F33: AFASTADOS INSS
A34: LUBE DISTRIBUIDORA LTDA | B34: AFASTADOS INSS | C34: AJUDANTE DE MOTORISTA II | D34: 2 | E34: 0 | F34: AFASTADOS INSS
A35: LUBE DISTRIBUIDORA LTDA | B35: AFASTADOS INSS | C35: OPERADOR DE EMPILHADEIRA | D35: 1 | E35: 0 | F35: AFASTADOS INSS
A36: LUBE DISTRIBUIDORA LTDA | B36: IMPACESSO | C36: Controlador de Acesso | D36: 4 | E36: 4
A37: LUBE DISTRIBUIDORA LTDA | B37: IMPADM | C37: ASSISTENTE FISCAL II | D37: 1 | E37: 1
A38: LUBE DISTRIBUIDORA LTDA | B38: IMPDIA | C38: ANALISTA DE GESTÃO DE ESTOQUE | D38: 1 | E38: 1
A39: LUBE DISTRIBUIDORA LTDA | B39: IMPDIA | C39: ASSISTENTE DE ESTOQUE | D39: 1 | E39: 1
A40: LUBE DISTRIBUIDORA LTDA | B40: IMPDIA | C40: ASSISTENTE DE ESTOQUE I | D40: 2 | E40: 2
A41: LUBE DISTRIBUIDORA LTDA | B41: IMPDIA | C41: ASSISTENTE FISCAL I | D41: 1 | E41: 1
A42: LUBE DISTRIBUIDORA LTDA | B42: IMPDIA | C42: AUXILIAR DE ESTOQUE | D42: 2 | E42: 2
A43: LUBE DISTRIBUIDORA LTDA | B43: IMPDIA | C43: CONFERENTE "B" | D43: 4 | E43: 4
A44: LUBE DISTRIBUIDORA LTDA | B44: IMPDIA | C44: CONFERENTE "C" | D44: 2 | E44: 2
A45: LUBE DISTRIBUIDORA LTDA | B45: IMPDIA | C45: ENCARREGADO DE ARMAZEM | D45: 1 | E45: 1
A46: LUBE DISTRIBUIDORA LTDA | B46: IMPDIA | C46: ESTOQUISTA | D46: 1 | E46: 1
A47: LUBE DISTRIBUIDORA LTDA | B47: IMPDIA | C47: ESTOQUISTA "B" | D47: 6 | E47: 6
... A75: SERMAR INCORPORAÇÕES E LOCAÇÕES IMOBILIARIAS LTDA | B75: SERMAR INCORP. E LOCAÇÕES IMOBILIARIAS LTDA | C75: OFICIAL POLIVALENTE PEDREIRO | D75: 2 | E75: 2

Sheet ANÁLISE HEAD
A1: ANÁLISE DE HEAD – NECESSIDADE DE CONTRATAÇÃO OU REDUÇÃO
A3: Critério: Head Atual x Head Programado
A4: Necessidade positiva = contratação | Necessidade negativa = redução | Zero = quadro adequado
A6: EMPRESA | B6: DEPARTAMENTO | C6: HEAD ATUAL | D6: HEAD PROGRAMADO | E6: DIFERENÇA | F6: SITUAÇÃO | G6: AÇÃO RECOMENDADA | H6: OBSERVAÇÃO
A7: IMPERIO LOG LTDA | B7: OPERACIONAL ARMAZEM | C7: 5 | D7: =IF(SUMIFS('HEAD PROGRAMADO'!$E$6:$E$75,'HEAD PROGRAMADO'!$A$6:$A$75,A7,'HEAD PROGRAMADO'!$B$6:$B$75,B7)=0,"",SUMIFS('HEAD PROGRAMADO'!$E$6:$E$75,'HEAD PROGRAMADO'!$A$6:$A$75,A7,'HEAD PROGRAMADO'!$B$6:$B$75,B7)) -> 4 | E7: =IF(D7="","",D7-C7) -> -1 | F7: =IF(D7="","AGUARDANDO HEAD",IF(E7>0,"ABAIXO DO HEAD",IF(E7<0,"ACIMA DO HEAD","HEAD ADEQUADO"))) -> ACIMA DO HEAD | G7: =IF(D7="","PREENCHER HEAD PROGRAMADO",IF(E7>0,"CONTRATAÇÃO",IF(E7<0,"REDUÇÃO","MANTER"))) -> REDUÇÃO
A8: L LOG TRANSPORTES E SERVIÇOS LTDA | B8: ADMINISTRATIVO | C8: 5 | D8: =IF(SUMIFS('HEAD PROGRAMADO'!$E$6:$E$75,'HEAD PROGRAMADO'!$A$6:$A$75,A8,'HEAD PROGRAMADO'!$B$6:$B$75,B8)=0,"",SUMIFS('HEAD PROGRAMADO'!$E$6:$E$75,'HEAD PROGRAMADO'!$A$6:$A$75,A8,'HEAD PROGRAMADO'!$B$6:$B$75,B8)) -> 5 | E8: =IF(D8="","",D8-C8) -> 0 | F8: =IF(D8="","AGUARDANDO HEAD",IF(E8>0,"ABAIXO DO HEAD",IF(E8<0,"ACIMA DO HEAD","HEAD ADEQUADO"))) -> HEAD ADEQUADO | G8: =IF(D8="","PREENCHER HEAD PROGRAMADO",IF(E8>0,"CONTRATAÇÃO",IF(E8<0,"REDUÇÃO","MANTER"))) -> MANTER
A9: L LOG TRANSPORTES E SERVIÇOS LTDA | B9: ENTREGA | C9: 70 | D9: =IF(SUMIFS('HEAD PROGRAMADO'!$E$6:$E$75,'HEAD PROGRAMADO'!$A$6:$A$75,A9,'HEAD PROGRAMADO'!$B$6:$B$75,B9)=0,"",SUMIFS('HEAD PROGRAMADO'!$E$6:$E$75,'HEAD PROGRAMADO'!$A$6:$A$75,A9,'HEAD PROGRAMADO'!$B$6:$B$75,B9)) -> 72 | E9: =IF(D9="","",D9-C9) -> 2 | F9: =IF(D9="","AGUARDANDO HEAD",IF(E9>0,"ABAIXO DO HEAD",IF(E9<0,"ACIMA DO HEAD","HEAD ADEQUADO"))) -> ABAIXO DO HEAD | G9: =IF(D9="","PREENCHER HEAD PROGRAMADO",IF(E9>0,"CONTRATAÇÃO",IF(E9<0,"REDUÇÃO","MANTER"))) -> CONTRATAÇÃO
A10: LUBE DISTRIBUIDORA LTDA | B10: ADMINISTRAÇÃO | C10: 20 | D10: =IF(SUMIFS('HEAD PROGRAMADO'!$E$6:$E$75,'HEAD PROGRAMADO'!$A$6:$A$75,A10,'HEAD PROGRAMADO'!$B$6:$B$75,B10)=0,"",SUMIFS('HEAD PROGRAMADO'!$E$6:$E$75,'HEAD PROGRAMADO'!$A$6:$A$75,A10,'HEAD PROGRAMADO'!$B$6:$B$75,B10)) -> 20 | E10: =IF(D10="","",D10-C10) -> 0 | F10: =IF(D10="","AGUARDANDO HEAD",IF(E10>0,"ABAIXO DO HEAD",IF(E10<0,"ACIMA DO HEAD","HEAD ADEQUADO"))) -> HEAD ADEQUADO | G10: =IF(D10="","PREENCHER HEAD PROGRAMADO",IF(E10>0,"CONTRATAÇÃO",IF(E10<0,"REDUÇÃO","MANTER"))) -> MANTER
A11: LUBE DISTRIBUIDORA LTDA | B11: AFASTADOS INSS | C11: 4 | D11: 4 | E11: =IF(D11="","",D11-C11) -> 0 | F11: =IF(D11="","AGUARDANDO HEAD",IF(E11>0,"ABAIXO DO HEAD",IF(E11<0,"ACIMA DO HEAD","HEAD ADEQUADO"))) -> HEAD ADEQUADO | G11: =IF(D11="","PREENCHER HEAD PROGRAMADO",IF(E11>0,"CONTRATAÇÃO",IF(E11<0,"REDUÇÃO","MANTER"))) -> MANTER
A12: LUBE DISTRIBUIDORA LTDA | B12: IMPACESSO | C12: 4 | D12: =IF(SUMIFS('HEAD PROGRAMADO'!$E$6:$E$75,'HEAD PROGRAMADO'!$A$6:$A$75,A12,'HEAD PROGRAMADO'!$B$6:$B$75,B12)=0,"",SUMIFS('HEAD PROGRAMADO'!$E$6:$E$75,'HEAD PROGRAMADO'!$A$6:$A$75,A12,'HEAD PROGRAMADO'!$B$6:$B$75,B12)) -> 4 | E12: =IF(D12="","",D12-C12) -> 0 | F12: =IF(D12="","AGUARDANDO HEAD",IF(E12>0,"ABAIXO DO HEAD",IF(E12<0,"ACIMA DO HEAD","HEAD ADEQUADO"))) -> HEAD ADEQUADO | G12: =IF(D12="","PREENCHER HEAD PROGRAMADO",IF(E12>0,"CONTRATAÇÃO",IF(E12<0,"REDUÇÃO","MANTER"))) -> MANTER
A13: LUBE DISTRIBUIDORA LTDA | B13: IMPADM | C13: 1 | D13: =IF(SUMIFS('HEAD PROGRAMADO'!$E$6:$E$75,'HEAD PROGRAMADO'!$A$6:$A$75,A13,'HEAD PROGRAMADO'!$B$6:$B$75,B13)=0,"",SUMIFS('HEAD PROGRAMADO'!$E$6:$E$75,'HEAD PROGRAMADO'!$A$6:$A$75,A13,'HEAD PROGRAMADO'!$B$6:$B$75,B13)) -> 1 | E13: =IF(D13="","",D13-C13) -> 0 | F13: =IF(D13="","AGUARDANDO HEAD",IF(E13>0,"ABAIXO DO HEAD",IF(E13<0,"ACIMA DO HEAD","HEAD ADEQUADO"))) -> HEAD ADEQUADO | G13: =IF(D13="","PREENCHER HEAD PROGRAMADO",IF(E13>0,"CONTRATAÇÃO",IF(E13<0,"REDUÇÃO","MANTER"))) -> MANTER
A14: LUBE DISTRIBUIDORA LTDA | B14: IMPDIA | C14: 25 | D14: =IF(SUMIFS('HEAD PROGRAMADO'!$E$6:$E$75,'HEAD PROGRAMADO'!$A$6:$A$75,A14,'HEAD PROGRAMADO'!$B$6:$B$75,B14)=0,"",SUMIFS('HEAD PROGRAMADO'!$E$6:$E$75,'HEAD PROGRAMADO'!$A$6:$A$75,A14,'HEAD PROGRAMADO'!$B$6:$B$75,B14)) -> 24 | E14: =IF(D14="","",D14-C14) -> -1 | F14: =IF(D14="","AGUARDANDO HEAD",IF(E14>0,"ABAIXO DO HEAD",IF(E14<0,"ACIMA DO HEAD","HEAD ADEQUADO"))) -> ACIMA DO HEAD | G14: =IF(D14="","PREENCHER HEAD PROGRAMADO",IF(E14>0,"CONTRATAÇÃO",IF(E14<0,"REDUÇÃO","MANTER"))) -> REDUÇÃO
A15: LUBE DISTRIBUIDORA LTDA | B15: IMPNOITE | C15: 35 | D15: =IF(SUMIFS('HEAD PROGRAMADO'!$E$6:$E$75,'HEAD PROGRAMADO'!$A$6:$A$75,A15,'HEAD PROGRAMADO'!$B$6:$B$75,B15)=0,"",SUMIFS('HEAD PROGRAMADO'!$E$6:$E$75,'HEAD PROGRAMADO'!$A$6:$A$75,A15,'HEAD PROGRAMADO'!$B$6:$B$75,B15)) -> 46 | E15: =IF(D15="","",D15-C15) -> 11 | F15: =IF(D15="","AGUARDANDO HEAD",IF(E15>0,"ABAIXO DO HEAD",IF(E15<0,"ACIMA DO HEAD","HEAD ADEQUADO"))) -> ABAIXO DO HEAD | G15: =IF(D15="","PREENCHER HEAD PROGRAMADO",IF(E15>0,"CONTRATAÇÃO",IF(E15<0,"REDUÇÃO","MANTER"))) -> CONTRATAÇÃO
A16: LUBE DISTRIBUIDORA LTDA | B16: OPERACIONAL | C16: 1 | D16: =IF(SUMIFS('HEAD PROGRAMADO'!$E$6:$E$75,'HEAD PROGRAMADO'!$A$6:$A$75,A16,'HEAD PROGRAMADO'!$B$6:$B$75,B16)=0,"",SUMIFS('HEAD PROGRAMADO'!$E$6:$E$75,'HEAD PROGRAMADO'!$A$6:$A$75,A16,'HEAD PROGRAMADO'!$B$6:$B$75,B16)) -> 1 | E16: =IF(D16="","",D16-C16) -> 0 | F16: =IF(D16="","AGUARDANDO HEAD",IF(E16>0,"ABAIXO DO HEAD",IF(E16<0,"ACIMA DO HEAD","HEAD ADEQUADO"))) -> HEAD ADEQUADO | G16: =IF(D16="","PREENCHER HEAD PROGRAMADO",IF(E16>0,"CONTRATAÇÃO",IF(E16<0,"REDUÇÃO","MANTER"))) -> MANTER
A17: LUBE DISTRIBUIDORA LTDA | B17: VENDAS BALCÃO | C17: 12 | D17: =IF(SUMIFS('HEAD PROGRAMADO'!$E$6:$E$75,'HEAD PROGRAMADO'!$A$6:$A$75,A17,'HEAD PROGRAMADO'!$B$6:$B$75,B17)=0,"",SUMIFS('HEAD PROGRAMADO'!$E$6:$E$75,'HEAD PROGRAMADO'!$A$6:$A$75,A17,'HEAD PROGRAMADO'!$B$6:$B$75,B17)) -> 10 | E17: =IF(D17="","",D17-C17) -> -2 | F17: =IF(D17="","AGUARDANDO HEAD",IF(E17>0,"ABAIXO DO HEAD",IF(E17<0,"ACIMA DO HEAD","HEAD ADEQUADO"))) -> ACIMA DO HEAD | G17: =IF(D17="","PREENCHER HEAD PROGRAMADO",IF(E17>0,"CONTRATAÇÃO",IF(E17<0,"REDUÇÃO","MANTER"))) -> REDUÇÃO
A18: LUBE DISTRIBUIDORA LTDA | B18: VENDAS DISTRIBUICÃO | C18: 4 | D18: =IF(SUMIFS('HEAD PROGRAMADO'!$E$6:$E$75,'HEAD PROGRAMADO'!$A$6:$A$75,A18,'HEAD PROGRAMADO'!$B$6:$B$75,B18)=0,"",SUMIFS('HEAD PROGRAMADO'!$E$6:$E$75,'HEAD PROGRAMADO'!$A$6:$A$75,A18,'HEAD PROGRAMADO'!$B$6:$B$75,B18)) -> 4 | E18: =IF(D18="","",D18-C18) -> 0 | F18: =IF(D18="","AGUARDANDO HEAD",IF(E18>0,"ABAIXO DO HEAD",IF(E18<0,"ACIMA DO HEAD","HEAD ADEQUADO"))) -> HEAD ADEQUADO | G18: =IF(D18="","PREENCHER HEAD PROGRAMADO",IF(E18>0,"CONTRATAÇÃO",IF(E18<0,"REDUÇÃO","MANTER"))) -> MANTER
A19: LUBE RIO DISTRIBUIDORA LTDA | B19: GERAL | C19: 12 | D19: =IF(SUMIFS('HEAD PROGRAMADO'!$E$6:$E$75,'HEAD PROGRAMADO'!$A$6:$A$75,A19,'HEAD PROGRAMADO'!$B$6:$B$75,B19)=0,"",SUMIFS('HEAD PROGRAMADO'!$E$6:$E$75,'HEAD PROGRAMADO'!$A$6:$A$75,A19,'HEAD PROGRAMADO'!$B$6:$B$75,B19)) -> 12 | E19: =IF(D19="","",D19-C19) -> 0 | F19: =IF(D19="","AGUARDANDO HEAD",IF(E19>0,"ABAIXO DO HEAD",IF(E19<0,"ACIMA DO HEAD","HEAD ADEQUADO"))) -> HEAD ADEQUADO | G19: =IF(D19="","PREENCHER HEAD PROGRAMADO",IF(E19>0,"CONTRATAÇÃO",IF(E19<0,"REDUÇÃO","MANTER"))) -> MANTER
A20: SERMAR INCORPORAÇÕES E LOCAÇÕES IMOBILIARIAS LTDA | B20: SERMAR INCORP. E LOCAÇÕES IMOBILIARIAS LTDA | C20: 5 | D20: =IF(SUMIFS('HEAD PROGRAMADO'!$E$6:$E$75,'HEAD PROGRAMADO'!$A$6:$A$75,A20,'HEAD PROGRAMADO'!$B$6:$B$75,B20)=0,"",SUMIFS('HEAD PROGRAMADO'!$E$6:$E$75,'HEAD PROGRAMADO'!$A$6:$A$75,A20,'HEAD PROGRAMADO'!$B$6:$B$75,B20)) -> 5 | E20: =IF(D20="","",D20-C20) -> 0 | F20: =IF(D20="","AGUARDANDO HEAD",IF(E20>0,"ABAIXO DO HEAD",IF(E20<0,"ACIMA DO HEAD","HEAD ADEQUADO"))) -> HEAD ADEQUADO | G20: =IF(D20="","PREENCHER HEAD PROGRAMADO",IF(E20>0,"CONTRATAÇÃO",IF(E20<0,"REDUÇÃO","MANTER"))) -> MANTER
A22: TOTAL GERAL | C22: =SUM(C7:C20) -> 203 | D22: =IF(COUNT(D7:D20)=0,"",SUM(D7:D20)) -> 212 | E22: =IF(D22="","",D22-C22) -> 9
A25: INDICADORES
A26: Áreas abaixo do Head | B26: =COUNTIF(F7:F20,"ABAIXO DO HEAD") -> 2
A27: Áreas acima do Head | B27: =COUNTIF(F7:F20,"ACIMA DO HEAD") -> 3
A28: Áreas com Head adequado | B28: =COUNTIF(F7:F20,"HEAD ADEQUADO") -> 9
A29: Áreas aguardando programação | B29: =COUNTIF(F7:F20,"AGUARDANDO HEAD") -> 0

Sheet ANÁLISE POR FUNÇÃO
A1: ANÁLISE DE HEAD POR FUNÇÃO – CONTRATAÇÃO E REDUÇÃO
A3: Necessidade = Head Programado – Head Atual. Resultado positivo indica quantas vagas precisam ser contratadas.
A5: EMPRESA | B5: DEPARTAMENTO | C5: FUNÇÃO | D5: HEAD ATUAL | E5: HEAD PROGRAMADO | F5: NECESSIDADE | G5: SITUAÇÃO | H5: AÇÃO | I5: VAGAS A CONTRATAR | J5: REDUÇÕES
A6: ='HEAD PROGRAMADO'!A6 -> 0 | B6: ='HEAD PROGRAMADO'!B6 -> 0 | C6: ='HEAD PROGRAMADO'!C6 -> 0 | D6: ='HEAD PROGRAMADO'!D6 -> 0 | E6: ='HEAD PROGRAMADO'!E6 -> 0 | F6: =IF(E6="","",E6-D6) -> 0 | G6: =IF(E6="","AGUARDANDO PROGRAMAÇÃO",IF(F6>0,"ABAIXO DO HEAD",IF(F6<0,"ACIMA DO HEAD","HEAD ADEQUADO"))) -> HEAD ADEQUADO | H6: =IF(E6="","PREENCHER",IF(F6>0,"CONTRATAR",IF(F6<0,"AVALIAR REDUÇÃO","MANTER"))) -> MANTER | I6: =IF(F6>0,F6,0) -> 0 | J6: =IF(F6<0,-F6,0) -> 0
A7: ='HEAD PROGRAMADO'!A7 -> IMPERIO LOG LTDA | B7: ='HEAD PROGRAMADO'!B7 -> OPERACIONAL ARMAZEM | C7: ='HEAD PROGRAMADO'!C7 -> AUXILIAR DE SERVIÇOS GERAIS | D7: ='HEAD PROGRAMADO'!D7 -> 4 | E7: ='HEAD PROGRAMADO'!E7 -> 4 | F7: =IF(E7="","",E7-D7) -> 0 | G7: =IF(E7="","AGUARDANDO PROGRAMAÇÃO",IF(F7>0,"ABAIXO DO HEAD",IF(F7<0,"ACIMA DO HEAD","HEAD ADEQUADO"))) -> HEAD ADEQUADO | H7: =IF(E7="","PREENCHER",IF(F7>0,"CONTRATAR",IF(F7<0,"AVALIAR REDUÇÃO","MANTER"))) -> MANTER | I7: =IF(F7>0,F7,0) -> 0 | J7: =IF(F7<0,-F7,0) -> 0
A8: ='HEAD PROGRAMADO'!A8 -> IMPERIO LOG LTDA | B8: ='HEAD PROGRAMADO'!B8 -> OPERACIONAL ARMAZEM | C8: ='HEAD PROGRAMADO'!C8 -> ESTOQUISTA "B" | D8: ='HEAD PROGRAMADO'!D8 -> 1 | E8: ='HEAD PROGRAMADO'!E8 -> 0 | F8: =IF(E8="","",E8-D8) -> -1 | G8: =IF(E8="","AGUARDANDO PROGRAMAÇÃO",IF(F8>0,"ABAIXO DO HEAD",IF(F8<0,"ACIMA DO HEAD","HEAD ADEQUADO"))) -> ACIMA DO HEAD | H8: =IF(E8="","PREENCHER",IF(F8>0,"CONTRATAR",IF(F8<0,"AVALIAR REDUÇÃO","MANTER"))) -> AVALIAR REDUÇÃO | I8: =IF(F8>0,F8,0) -> 0 | J8: =IF(F8<0,-F8,0) -> 1
A9: ='HEAD PROGRAMADO'!A9 -> L LOG TRANSPORTES E SERVIÇOS LTDA | B9: ='HEAD PROGRAMADO'!B9 -> ADMINISTRATIVO | C9: ='HEAD PROGRAMADO'!C9 -> ASSISTENTE DE LOGISTICA | D9: ='HEAD PROGRAMADO'!D9 -> 1 | E9: ='HEAD PROGRAMADO'!E9 -> 1 | F9: =IF(E9="","",E9-D9) -> 0 | G9: =IF(E9="","AGUARDANDO PROGRAMAÇÃO",IF(F9>0,"ABAIXO DO HEAD",IF(F9<0,"ACIMA DO HEAD","HEAD ADEQUADO"))) -> HEAD ADEQUADO | H9: =IF(E9="","PREENCHER",IF(F9>0,"CONTRATAR",IF(F9<0,"AVALIAR REDUÇÃO","MANTER"))) -> MANTER | I9: =IF(F9>0,F9,0) -> 0 | J9: =IF(F9<0,-F9,0) -> 0
A10: ='HEAD PROGRAMADO'!A10 -> L LOG TRANSPORTES E SERVIÇOS LTDA | B10: ='HEAD PROGRAMADO'!B10 -> ADMINISTRATIVO | C10: ='HEAD PROGRAMADO'!C10 -> COORDENADOR DE TRANSPORTE | D10: ='HEAD PROGRAMADO'!D10 -> 1 | E10: ='HEAD PROGRAMADO'!E10 -> 1 | F10: =IF(E10="","",E10-D10) -> 0 | G10: =IF(E10="","AGUARDANDO PROGRAMAÇÃO",IF(F10>0,"ABAIXO DO HEAD",IF(F10<0,"ACIMA DO HEAD","HEAD ADEQUADO"))) -> HEAD ADEQUADO | H10: =IF(E10="","PREENCHER",IF(F10>0,"CONTRATAR",IF(F10<0,"AVALIAR REDUÇÃO","MANTER"))) -> MANTER | I10: =IF(F10>0,F10,0) -> 0 | J10: =IF(F10<0,-F10,0) -> 0
A11: ='HEAD PROGRAMADO'!A11 -> L LOG TRANSPORTES E SERVIÇOS LTDA | B11: ='HEAD PROGRAMADO'!B11 -> ADMINISTRATIVO | C11: ='HEAD PROGRAMADO'!C11 -> MENOR APRENDIZ | D11: ='HEAD PROGRAMADO'!D11 -> 3 | E11: ='HEAD PROGRAMADO'!E11 -> 3 | F11: =IF(E11="","",E11-D11) -> 0 | G11: =IF(E11="","AGUARDANDO PROGRAMAÇÃO",IF(F11>0,"ABAIXO DO HEAD",IF(F11<0,"ACIMA DO HEAD","HEAD ADEQUADO"))) -> HEAD ADEQUADO | H11: =IF(E11="","PREENCHER",IF(F11>0,"CONTRATAR",IF(F11<0,"AVALIAR REDUÇÃO","MANTER"))) -> MANTER | I11: =IF(F11>0,F11,0) -> 0 | J11: =IF(F11<0,-F11,0) -> 0
A12: ='HEAD PROGRAMADO'!A12 -> L LOG TRANSPORTES E SERVIÇOS LTDA | B12: ='HEAD PROGRAMADO'!B12 -> ENTREGA | C12: ='HEAD PROGRAMADO'!C12 -> AJUDANTE DE MOTORISTA II | D12: ='HEAD PROGRAMADO'!D12 -> 2 | E12: ='HEAD PROGRAMADO'!E12 -> 6 | F12: =IF(E12="","",E12-D12) -> 4 | G12: =IF(E12="","AGUARDANDO PROGRAMAÇÃO",IF(F12>0,"ABAIXO DO HEAD",IF(F12<0,"ACIMA DO HEAD","HEAD ADEQUADO"))) -> ABAIXO DO HEAD | H12: =IF(E12="","PREENCHER",IF(F12>0,"CONTRATAR",IF(F12<0,"AVALIAR REDUÇÃO","MANTER"))) -> CONTRATAR | I12: =IF(F12>0,F12,0) -> 4 | J12: =IF(F12<0,-F12,0) -> 0
A13: ='HEAD PROGRAMADO'!A13 -> L LOG TRANSPORTES E SERVIÇOS LTDA | B13: ='HEAD PROGRAMADO'!B13 -> ENTREGA | C13: ='HEAD PROGRAMADO'!C13 -> AJUDANTE DE MOTORISTA III | D13: ='HEAD PROGRAMADO'!D13 -> 16 | E13: ='HEAD PROGRAMADO'!E13 -> 16 | F13: =IF(E13="","",E13-D13) -> 0 | G13: =IF(E13="","AGUARDANDO PROGRAMAÇÃO",IF(F13>0,"ABAIXO DO HEAD",IF(F13<0,"ACIMA DO HEAD","HEAD ADEQUADO"))) -> HEAD ADEQUADO | H13: =IF(E13="","PREENCHER",IF(F13>0,"CONTRATAR",IF(F13<0,"AVALIAR REDUÇÃO","MANTER"))) -> MANTER | I13: =IF(F13>0,F13,0) -> 0 | J13: =IF(F13<0,-F13,0) -> 0
A14: ='HEAD PROGRAMADO'!A14 -> L LOG TRANSPORTES E SERVIÇOS LTDA | B14: ='HEAD PROGRAMADO'!B14 -> ENTREGA | C14: ='HEAD PROGRAMADO'!C14 -> AJUDANTE MOTORISTA I | D14: ='HEAD PROGRAMADO'!D14 -> 16 | E14: ='HEAD PROGRAMADO'!E14 -> 16 | F14: =IF(E14="","",E14-D14) -> 0 | G14: =IF(E14="","AGUARDANDO PROGRAMAÇÃO",IF(F14>0,"ABAIXO DO HEAD",IF(F14<0,"ACIMA DO HEAD","HEAD ADEQUADO"))) -> HEAD ADEQUADO | H14: =IF(E14="","PREENCHER",IF(F14>0,"CONTRATAR",IF(F14<0,"AVALIAR REDUÇÃO","MANTER"))) -> MANTER | I14: =IF(F14>0,F14,0) -> 0 | J14: =IF(F14<0,-F14,0) -> 0
A15: ='HEAD PROGRAMADO'!A15 -> L LOG TRANSPORTES E SERVIÇOS LTDA | B15: ='HEAD PROGRAMADO'!B15 -> ENTREGA | C15: ='HEAD PROGRAMADO'!C15 -> MOTORISTA CARRETEIRO | D15: ='HEAD PROGRAMADO'!D15 -> 1 | E15: ='HEAD PROGRAMADO'!E15 -> 2 | F15: =IF(E15="","",E15-D15) -> 1 | G15: =IF(E15="","AGUARDANDO PROGRAMAÇÃO",IF(F15>0,"ABAIXO DO HEAD",IF(F15<0,"ACIMA DO HEAD","HEAD ADEQUADO"))) -> ABAIXO DO HEAD | H15: =IF(E15="","PREENCHER",IF(F15>0,"CONTRATAR",IF(F15<0,"AVALIAR REDUÇÃO","MANTER"))) -> CONTRATAR | I15: =IF(F15>0,F15,0) -> 1 | J15: =IF(F15<0,-F15,0) -> 0
A16: ='HEAD PROGRAMADO'!A16 -> L LOG TRANSPORTES E SERVIÇOS LTDA | B16: ='HEAD PROGRAMADO'!B16 -> ENTREGA | C16: ='HEAD PROGRAMADO'!C16 -> MOTORISTA I | D16: ='HEAD PROGRAMADO'!D16 -> 2 | E16: ='HEAD PROGRAMADO'!E16 -> 2 | F16: =IF(E16="","",E16-D16) -> 0 | G16: =IF(E16="","AGUARDANDO PROGRAMAÇÃO",IF(F16>0,"ABAIXO DO HEAD",IF(F16<0,"ACIMA DO HEAD","HEAD ADEQUADO"))) -> HEAD ADEQUADO | H16: =IF(E16="","PREENCHER",IF(F16>0,"CONTRATAR",IF(F16<0,"AVALIAR REDUÇÃO","MANTER"))) -> MANTER | I16: =IF(F16>0,F16,0) -> 0 | J16: =IF(F16<0,-F16,0) -> 0
A17: ='HEAD PROGRAMADO'!A17 -> L LOG TRANSPORTES E SERVIÇOS LTDA | B17: ='HEAD PROGRAMADO'!B17 -> ENTREGA | C17: ='HEAD PROGRAMADO'!C17 -> MOTORISTA II | D17: ='HEAD PROGRAMADO'!D17 -> 13 | E17: ='HEAD PROGRAMADO'!E17 -> 10 | F17: =IF(E17="","",E17-D17) -> -3 | G17: =IF(E17="","AGUARDANDO PROGRAMAÇÃO",IF(F17>0,"ABAIXO DO HEAD",IF(F17<0,"ACIMA DO HEAD","HEAD ADEQUADO"))) -> ACIMA DO HEAD | H17: =IF(E17="","PREENCHER",IF(F17>0,"CONTRATAR",IF(F17<0,"AVALIAR REDUÇÃO","MANTER"))) -> AVALIAR REDUÇÃO | I17: =IF(F17>0,F17,0) -> 0 | J17: =IF(F17<0,-F17,0) -> 3
... A75: ='HEAD PROGRAMADO'!A75 -> SERMAR INCORPORAÇÕES E LOCAÇÕES IMOBILIARIAS LTDA | B75: ='HEAD PROGRAMADO'!B75 -> SERMAR INCORP. E LOCAÇÕES IMOBILIARIAS LTDA | C75: ='HEAD PROGRAMADO'!C75 -> OFICIAL POLIVALENTE PEDREIRO | D75: ='HEAD PROGRAMADO'!D75 -> 2 | E75: ='HEAD PROGRAMADO'!E75 -> 2 | F75: =IF(E75="","",E75-D75) -> 0 | G75: =IF(E75="","AGUARDANDO PROGRAMAÇÃO",IF(F75>0,"ABAIXO DO HEAD",IF(F75<0,"ACIMA DO HEAD","HEAD ADEQUADO"))) -> HEAD ADEQUADO | H75: =IF(E75="","PREENCHER",IF(F75>0,"CONTRATAR",IF(F75<0,"AVALIAR REDUÇÃO","MANTER"))) -> MANTER | I75: =IF(F75>0,F75,0) -> 0 | J75: =IF(F75<0,-F75,0) -> 0
A78: RESUMO PARA DECISÃO
A79: Funções que precisam contratar | B79: =COUNTIF(H6:H75,"CONTRATAR") -> 3
A80: Total de vagas a contratar | B80: =SUM(I6:I75) -> 17
A81: Funções com indicação de redução | B81: =COUNTIF(H6:H75,"AVALIAR REDUÇÃO") -> 8
A82: Total de reduções | B82: =SUM(J6:J75) -> 12
A83: Funções com Head adequado | B83: =COUNTIF(H6:H75,"MANTER") -> 59
A86: FUNÇÕES QUE PRECISAM DE CONTRATAÇÃO
A87: EMPRESA | B87: DEPARTAMENTO | C87: FUNÇÃO | D87: HEAD ATUAL | E87: VAGAS A CONTRATAR
A90: A tabela acima usa FILTER nas versões atuais do Excel. A tabela principal acima pode ser filtrada por AÇÃO = CONTRATAR.
